"maxt","mint","maxb","minb","maxi","mini"
"12.209672927856444","0.1290285587310791","608000","400","608004","408"
