"maxt","mint","maxb","minb","maxi","mini"
"32.276245355606086","0.073341131210327","608000","400","608004","412"
