"maxt","mint","maxb","minb","maxi","mini"
"76.2531304359436","0.171375274658203","608000","400","608004","408"
