"maxt","mint","maxb","minb","maxi","mini"
"94.8871397972107","0.5915701389312744","912000","400","912004","104"
